,AL,Random,Batch
0,0.7897727272727273,0.8238636363636364,0.8522727272727273
1,0.8342857142857143,0.7542857142857143,0.8057142857142857
2,0.8011363636363636,0.8181818181818182,0.8693181818181818
3,0.7885714285714286,0.84,0.8628571428571429
4,0.75,0.75,0.8806818181818182
5,0.8342857142857143,0.8171428571428572,0.8285714285714286
6,0.7840909090909091,0.7840909090909091,0.8693181818181818
7,0.84,0.8,0.8971428571428571
8,0.7443181818181818,0.8125,0.8125
9,0.8457142857142858,0.8171428571428572,0.88
